ФИО,Факультет,Ученое звание,Ученая степень
Васильева В.В.,ГФ,старший преподаватель,доктор наук
Михайлов М.М.,ЕМФ,профессор,кандидат наук
Морозов М.М.,ГФ,профессор,кандидат наук
Васильева В.В.,ЮФ,доцент,доктор наук
Волков В.В.,ЕМФ,доцент,доктор наук
Смирнова А.А.,ГФ,доцент,кандидат наук
Петров П.П.,ГФ,ассистент,доктор наук
Смирнова А.А.,ЮФ,старший преподаватель,кандидат наук
Волков В.В.,ИЭиУ,профессор,доктор наук
Сидоров С.С.,ИЭиУ,ассистент,кандидат наук
Морозов М.М.,ИЭиУ,старший преподаватель,кандидат наук
Сидоров С.С.,ФИиВТ,старший преподаватель,кандидат наук
Петров П.П.,ИЭиУ,доцент,без степени
Сидоров С.С.,ФИиВТ,доцент,кандидат наук
Иванов И.И.,ФИиВТ,профессор,без степени
Иванов И.И.,ЮФ,ассистент,кандидат наук
Иванов И.И.,ФИиВТ,доцент,доктор наук
Михайлов М.М.,ЮФ,доцент,кандидат наук
Петров П.П.,ГФ,ассистент,доктор наук
Васильева В.В.,ЮФ,доцент,кандидат наук
Сидоров С.С.,ГФ,профессор,без степени
Федорова Ф.Ф.,ЮФ,профессор,доктор наук
Иванов И.И.,ГФ,старший преподаватель,доктор наук
Сидоров С.С.,ФИиВТ,доцент,доктор наук
Волков В.В.,ФИиВТ,профессор,без степени
Волков В.В.,ЮФ,старший преподаватель,доктор наук
Смирнова А.А.,ЮФ,профессор,кандидат наук
Михайлов М.М.,ЮФ,доцент,без степени
Васильева В.В.,ИЭиУ,старший преподаватель,кандидат наук
Сидоров С.С.,ЮФ,старший преподаватель,без степени
Петров П.П.,ЮФ,ассистент,кандидат наук
Волков В.В.,ЮФ,старший преподаватель,без степени
Морозов М.М.,ЮФ,старший преподаватель,доктор наук
Волков В.В.,ГФ,старший преподаватель,доктор наук
Михайлов М.М.,ГФ,старший преподаватель,кандидат наук
Морозов М.М.,ГФ,профессор,кандидат наук
Федорова Ф.Ф.,ФИиВТ,профессор,без степени
Иванов И.И.,ГФ,доцент,доктор наук
Михайлов М.М.,ГФ,доцент,без степени
Михайлов М.М.,ЕМФ,ассистент,доктор наук
Васильева В.В.,ЕМФ,старший преподаватель,без степени
Васильева В.В.,ФИиВТ,старший преподаватель,доктор наук
Кузнецов К.К.,ИЭиУ,ассистент,кандидат наук
Васильева В.В.,ЮФ,доцент,доктор наук
Михайлов М.М.,ЕМФ,профессор,доктор наук
Иванов И.И.,ЮФ,профессор,без степени
Сидоров С.С.,ГФ,старший преподаватель,без степени
Иванов И.И.,ФИиВТ,профессор,без степени
Петров П.П.,ЮФ,старший преподаватель,без степени
Васильева В.В.,ГФ,ассистент,доктор наук
Васильева В.В.,ЕМФ,профессор,без степени
Кузнецов К.К.,ЮФ,старший преподаватель,без степени
Васильева В.В.,ФИиВТ,старший преподаватель,кандидат наук
Кузнецов К.К.,ИЭиУ,доцент,без степени
Морозов М.М.,ФИиВТ,доцент,доктор наук
Федорова Ф.Ф.,ЕМФ,доцент,кандидат наук
Волков В.В.,ГФ,доцент,кандидат наук
Морозов М.М.,ЕМФ,старший преподаватель,без степени
Михайлов М.М.,ЮФ,доцент,доктор наук
Морозов М.М.,ИЭиУ,доцент,без степени
Михайлов М.М.,ФИиВТ,доцент,доктор наук
Смирнова А.А.,ЕМФ,профессор,кандидат наук
Иванов И.И.,ЮФ,ассистент,доктор наук
Сидоров С.С.,ФИиВТ,доцент,без степени
Морозов М.М.,ЕМФ,доцент,без степени
Федорова Ф.Ф.,ЮФ,ассистент,кандидат наук
Кузнецов К.К.,ЮФ,профессор,без степени
Иванов И.И.,ФИиВТ,старший преподаватель,без степени
Кузнецов К.К.,ЕМФ,доцент,кандидат наук
Морозов М.М.,ГФ,профессор,кандидат наук
Иванов И.И.,ЕМФ,ассистент,доктор наук
Кузнецов К.К.,ЕМФ,доцент,доктор наук
Морозов М.М.,ИЭиУ,доцент,кандидат наук
Иванов И.И.,ЮФ,старший преподаватель,кандидат наук
Иванов И.И.,ЕМФ,доцент,без степени
Васильева В.В.,ФИиВТ,старший преподаватель,доктор наук
Сидоров С.С.,ФИиВТ,профессор,доктор наук
Михайлов М.М.,ГФ,ассистент,без степени
Смирнова А.А.,ЕМФ,старший преподаватель,доктор наук
Иванов И.И.,ЮФ,профессор,без степени
Федорова Ф.Ф.,ИЭиУ,старший преподаватель,кандидат наук
Смирнова А.А.,ГФ,старший преподаватель,кандидат наук
Петров П.П.,ИЭиУ,доцент,кандидат наук
Смирнова А.А.,ГФ,доцент,доктор наук
Петров П.П.,ФИиВТ,ассистент,кандидат наук
Смирнова А.А.,ГФ,доцент,без степени
Васильева В.В.,ЮФ,доцент,кандидат наук
Смирнова А.А.,ЮФ,старший преподаватель,кандидат наук
Петров П.П.,ГФ,ассистент,доктор наук
Федорова Ф.Ф.,ГФ,ассистент,кандидат наук
Иванов И.И.,ИЭиУ,доцент,доктор наук
Кузнецов К.К.,ФИиВТ,доцент,без степени
Смирнова А.А.,ЕМФ,ассистент,без степени
Федорова Ф.Ф.,ЕМФ,ассистент,доктор наук
Петров П.П.,ЕМФ,доцент,доктор наук
Иванов И.И.,ГФ,доцент,доктор наук
Федорова Ф.Ф.,ЕМФ,старший преподаватель,доктор наук
Васильева В.В.,ЕМФ,ассистент,кандидат наук
Кузнецов К.К.,ИЭиУ,профессор,без степени
Сидоров С.С.,ИЭиУ,профессор,без степени
Михайлов М.М.,ЕМФ,доцент,без степени
Петров П.П.,ИЭиУ,профессор,без степени
Петров П.П.,ГФ,доцент,без степени
Васильева В.В.,ГФ,ассистент,без степени
Федорова Ф.Ф.,ЮФ,старший преподаватель,доктор наук
Волков В.В.,ФИиВТ,старший преподаватель,кандидат наук
Волков В.В.,ЕМФ,профессор,кандидат наук
Смирнова А.А.,ИЭиУ,доцент,без степени
Петров П.П.,ЕМФ,ассистент,кандидат наук
Петров П.П.,ФИиВТ,старший преподаватель,доктор наук
Петров П.П.,ЕМФ,доцент,кандидат наук
Смирнова А.А.,ИЭиУ,ассистент,доктор наук
Васильева В.В.,ИЭиУ,профессор,без степени
Морозов М.М.,ФИиВТ,доцент,кандидат наук
Федорова Ф.Ф.,ЮФ,ассистент,без степени
Сидоров С.С.,ФИиВТ,ассистент,без степени
Сидоров С.С.,ЕМФ,доцент,без степени
Морозов М.М.,ЕМФ,старший преподаватель,без степени
Федорова Ф.Ф.,ЕМФ,профессор,без степени
Васильева В.В.,ИЭиУ,ассистент,доктор наук
Михайлов М.М.,ФИиВТ,профессор,кандидат наук
Смирнова А.А.,ЮФ,старший преподаватель,кандидат наук
Васильева В.В.,ИЭиУ,старший преподаватель,кандидат наук
Васильева В.В.,ГФ,доцент,кандидат наук
Кузнецов К.К.,ИЭиУ,доцент,доктор наук
Михайлов М.М.,ГФ,ассистент,без степени
Сидоров С.С.,ЮФ,профессор,без степени
Михайлов М.М.,ФИиВТ,профессор,без степени
Морозов М.М.,ЕМФ,ассистент,без степени
Волков В.В.,ЕМФ,ассистент,кандидат наук
Волков В.В.,ЕМФ,старший преподаватель,кандидат наук
Иванов И.И.,ЮФ,доцент,кандидат наук
Федорова Ф.Ф.,ЕМФ,старший преподаватель,кандидат наук
Сидоров С.С.,ЮФ,доцент,доктор наук
Иванов И.И.,ФИиВТ,доцент,кандидат наук
Смирнова А.А.,ЕМФ,старший преподаватель,кандидат наук
Федорова Ф.Ф.,ФИиВТ,доцент,доктор наук
Волков В.В.,ИЭиУ,доцент,доктор наук
Волков В.В.,ФИиВТ,старший преподаватель,кандидат наук
Федорова Ф.Ф.,ИЭиУ,старший преподаватель,кандидат наук
Сидоров С.С.,ИЭиУ,доцент,кандидат наук
Петров П.П.,ФИиВТ,профессор,доктор наук
Михайлов М.М.,ИЭиУ,профессор,кандидат наук
Михайлов М.М.,ФИиВТ,старший преподаватель,без степени
Волков В.В.,ФИиВТ,старший преподаватель,без степени
Михайлов М.М.,ГФ,доцент,без степени
Михайлов М.М.,ЕМФ,профессор,кандидат наук
Морозов М.М.,ЮФ,профессор,доктор наук
Сидоров С.С.,ГФ,доцент,кандидат наук
Васильева В.В.,ФИиВТ,старший преподаватель,доктор наук
Петров П.П.,ЮФ,профессор,без степени
Кузнецов К.К.,ЕМФ,доцент,кандидат наук
Васильева В.В.,ИЭиУ,ассистент,доктор наук
Смирнова А.А.,ЮФ,ассистент,без степени
Волков В.В.,ФИиВТ,ассистент,доктор наук
Морозов М.М.,ФИиВТ,доцент,доктор наук
Морозов М.М.,ГФ,профессор,кандидат наук
Васильева В.В.,ЕМФ,ассистент,доктор наук
Кузнецов К.К.,ИЭиУ,ассистент,кандидат наук
Васильева В.В.,ФИиВТ,старший преподаватель,доктор наук
Петров П.П.,ИЭиУ,ассистент,доктор наук
Михайлов М.М.,ЕМФ,старший преподаватель,без степени
Михайлов М.М.,ИЭиУ,старший преподаватель,доктор наук
Морозов М.М.,ЕМФ,ассистент,доктор наук
Смирнова А.А.,ИЭиУ,профессор,без степени
Васильева В.В.,ЕМФ,профессор,без степени
Васильева В.В.,ИЭиУ,ассистент,доктор наук
Волков В.В.,ЮФ,доцент,доктор наук
Сидоров С.С.,ГФ,доцент,без степени
Смирнова А.А.,ЮФ,доцент,кандидат наук
Петров П.П.,ГФ,профессор,доктор наук
Иванов И.И.,ИЭиУ,доцент,кандидат наук
Петров П.П.,ИЭиУ,ассистент,без степени
Сидоров С.С.,ФИиВТ,старший преподаватель,доктор наук
Сидоров С.С.,ЕМФ,доцент,без степени
Морозов М.М.,ИЭиУ,ассистент,кандидат наук
Иванов И.И.,ФИиВТ,доцент,без степени
Петров П.П.,ЮФ,старший преподаватель,кандидат наук
Кузнецов К.К.,ГФ,ассистент,доктор наук
Смирнова А.А.,ГФ,старший преподаватель,без степени
Кузнецов К.К.,ЮФ,ассистент,доктор наук
Иванов И.И.,ИЭиУ,ассистент,без степени
Сидоров С.С.,ИЭиУ,доцент,доктор наук
Сидоров С.С.,ИЭиУ,старший преподаватель,кандидат наук
Морозов М.М.,ЕМФ,старший преподаватель,без степени
Федорова Ф.Ф.,ГФ,доцент,доктор наук
Федорова Ф.Ф.,ФИиВТ,доцент,кандидат наук
Михайлов М.М.,ГФ,ассистент,без степени
Васильева В.В.,ЕМФ,доцент,без степени
Волков В.В.,ГФ,профессор,кандидат наук
Сидоров С.С.,ЮФ,старший преподаватель,без степени
Сидоров С.С.,ИЭиУ,доцент,доктор наук
Волков В.В.,ГФ,профессор,без степени
Сидоров С.С.,ИЭиУ,ассистент,доктор наук
Волков В.В.,ЕМФ,ассистент,доктор наук
Петров П.П.,ЮФ,ассистент,без степени
Михайлов М.М.,ГФ,ассистент,без степени
Петров П.П.,ГФ,доцент,доктор наук
Федорова Ф.Ф.,ФИиВТ,профессор,доктор наук
Волков В.В.,ЕМФ,профессор,без степени
